Step,PGF_Loss,PGF_Time,PGF_Mem_MB
0,16.84474754333496,251.75332736968994,1095.078125
1,8.429631233215332,266.25466775894165,1098.328125
2,6.782803535461426,341.413978099823,1000.671875
